{"tdis_tot": 685.5559992968084, "idis_tot": 0.0, "emis_tot": 84.38626222146809, "ener_tot": 505.30695940998834, "cost_tot": 17.216531050036064, "time_rat": 0.0061198967289199276}