{"time_rat": 0.0001248519489216426, "ener_tot": 283.3204443427365, "tdis_tot": 59.08993338141339, "idis_tot": 0.0, "cost_tot": 14.502029108846028, "emis_tot": 47.31451420523696}