{"cost_tot": 29.783937083488702, "tdis_tot": 63.4766828522211, "time_rat": 9.752043281440383e-05, "ener_tot": 626.2843025807346, "idis_tot": 0.0, "emis_tot": 104.58947853098262}