{"time_rat": 9.237452730457618e-05, "cost_tot": 18.269866460902225, "emis_tot": 80.40294769371096, "tdis_tot": 38.926127290800125, "ener_tot": 481.4547766090478, "idis_tot": 0.0}