{"cost_tot": 20.03982197765871, "idis_tot": 0.0, "time_rat": 0.00012453784052499388, "tdis_tot": 52.83913263391754, "emis_tot": 85.02215199462292, "ener_tot": 509.1146826025314}