{"tdis_tot": 1080.095336866044, "idis_tot": 0.0, "emis_tot": 84.9057193728207, "ener_tot": 508.41748127437495, "cost_tot": 26.125132497096317, "time_rat": 0.00012685813640475903}