{"a_con_0": 10801.4449253615, "a_eva_0": 10969.7917687576, "b_con_0": -174.250199488668, "b_eva_0": -140.330615400683, "c_con_0": 301.164940713288, "c_eva_0": 358.965271539175, "hea.cFlo": 57844.6802982605, "hea.capFlo.TSta": 319.998483671344, "hea.k_con": 1.89262585611179, "hea.k_eva": 1.16620019124074, "hea.rFlo2": 0.00433479675735129, "zon.cEmb": 46554197.5910928, "zon.cInt": 1465688577.03411, "zon.cWal": 1000031.59612923, "zon.cZon": 6661413.53063469, "zon.capEmb.TSta": 294.940009568833, "zon.capInt.TSta": 293.991536112425, "zon.capWal.TSta": 280.019187207654, "zon.capZon.TSta": 294.519264938799, "zon.fGai": 1.99999783343846, "zon.rEmb": 0.000120203252432817, "zon.rInf": 0.00328351452920708, "zon.rInt": 0.000434650534689547, "zon.rWal": 0.0999968944773252, "zon.win[1].gA": 27.4649393243641}