{"cost_tot": 34.810817753646205, "idis_tot": 0.0, "time_rat": 0.0004837553853553439, "tdis_tot": 60.27691072967051, "emis_tot": 118.00734963679422, "ener_tot": 706.6308361484671}