{"tdis_tot": 45.05417797826535, "emis_tot": 83.20091066610026, "cost_tot": 19.399621319775676, "time_rat": 0.00016801711920865628, "idis_tot": 0.0, "ener_tot": 498.2090459047914}