{"idis_tot": 0.0, "emis_tot": 126.41176657158876, "cost_tot": 37.13376230915701, "time_rat": 0.0007342623540806392, "tdis_tot": 244.546387611264, "ener_tot": 756.9566860574174}