{"time_rat": 0.00024348360836190522, "cost_tot": 14.566336895326044, "tdis_tot": 61.09771251325604, "ener_tot": 387.0797379214287, "idis_tot": 0.0, "emis_tot": 64.64231623287867}