{"tdis_tot": 53.32875874983697, "emis_tot": 113.22102586819696, "cost_tot": 33.00045677981054, "time_rat": 0.0001896811373255871, "idis_tot": 0.0, "ener_tot": 677.9702147796213}