{"idis_tot": 0.0, "emis_tot": 97.43758109026825, "cost_tot": 23.467714912005558, "time_rat": 0.0001257566567608919, "tdis_tot": 256.1449671538835, "ener_tot": 583.4585694028019}