{"time_rat": 0.00012779074665175938, "cost_tot": 24.76652120475449, "tdis_tot": 115.49824657604493, "ener_tot": 528.4526311795471, "idis_tot": 0.0, "emis_tot": 88.2515894069846}